DATE,TAVG,TMIN,TMAX,PRCP,TAVG_anom,TMIN_anom,TMAX_anom,PRCP_anom
2010-01-01,2.48,-0.79,5.74,44.4,2.503,2.314,2.685,-2.3000000000000043
2010-02-01,3.87,-0.21,7.95,36.9,2.815,2.833,2.7939999999999996,-1.3100000000000023
2010-03-01,5.78,-0.24,11.8,29.4,0.32399999999999984,-0.267,0.9140000000000015,-28.360000000000007
2010-04-01,8.78,3.0,14.56,43.8,-0.2889999999999997,0.05500000000000016,-0.6319999999999979,3.8999999999999986
2010-05-01,11.18,4.71,17.65,43.0,-3.0950000000000006,-2.524,-3.6640000000000015,6.93
2010-06-01,15.89,10.33,21.45,81.0,-1.75,-0.359,-3.1380000000000017,37.34
2010-07-01,20.59,12.25,28.92,13.2,-1.6179999999999986,-1.508000000000001,-1.737999999999996,1.8499999999999996
2010-08-01,20.48,12.47,28.5,5.6,-1.4529999999999994,-0.8669999999999991,-2.030000000000001,-4.74
2010-09-01,15.87,8.98,22.76,18.7,-0.7080000000000002,-0.006000000000000227,-1.4079999999999977,0.4299999999999997
2010-10-01,10.19,4.62,15.76,50.2,0.43099999999999916,0.706,0.15300000000000047,3.0700000000000003
2010-11-01,1.88,-1.62,5.37,76.5,-1.7029999999999998,-1.283,-2.13,29.589999999999996
2010-12-01,-0.26,-3.51,2.99,81.3,-0.19400000000000003,-0.5270000000000001,0.14200000000000035,29.489999999999995
2011-01-01,-0.38,-3.82,3.07,68.1,-0.35700000000000004,-0.7159999999999997,0.01499999999999968,21.39999999999999
2011-02-01,-0.57,-4.8,3.66,16.0,-1.625,-1.7569999999999997,-1.4960000000000004,-22.21
2011-03-01,4.99,0.6,9.38,72.9,-0.4660000000000002,0.573,-1.5059999999999985,15.14
2011-04-01,5.84,0.63,11.04,53.5,-3.228999999999999,-2.315,-4.151999999999999,13.600000000000001
2011-05-01,11.61,5.22,17.99,52.5,-2.665000000000001,-2.0140000000000002,-3.3240000000000016,16.43
2011-06-01,15.31,9.1,21.52,43.9,-2.33,-1.5890000000000004,-3.0680000000000014,0.240000000000002
2011-07-01,19.33,11.32,27.34,17.6,-2.878,-2.4380000000000006,-3.317999999999998,6.250000000000002
2011-08-01,21.5,12.67,30.32,7.9,-0.43299999999999983,-0.6669999999999998,-0.21000000000000085,-2.4399999999999995
2011-09-01,18.14,8.93,27.34,7.1,1.5620000000000012,-0.05600000000000094,3.1720000000000006,-11.17
2011-10-01,9.41,4.09,14.74,22.9,-0.3490000000000002,0.1759999999999997,-0.8669999999999991,-24.230000000000004
2011-11-01,2.51,-2.12,7.15,34.6,-1.073,-1.783,-0.34999999999999964,-12.310000000000002
2011-12-01,-0.8,-3.98,2.38,22.5,-0.7340000000000001,-0.9970000000000003,-0.46799999999999997,-29.310000000000002
2012-01-01,0.06,-3.92,4.04,46.4,0.08299999999999995,-0.8159999999999998,0.9849999999999999,-0.30000000000000426
2012-02-01,1.3,-2.64,5.23,38.4,0.24499999999999988,0.403,0.07399999999999984,0.18999999999999773
2012-03-01,4.7,0.02,9.37,103.2,-0.7560000000000002,-0.007000000000000003,-1.516,45.44
2012-04-01,9.7,3.63,15.78,50.9,0.6310000000000002,0.685,0.588000000000001,11.0
2012-05-01,12.72,6.02,19.42,20.5,-1.5549999999999997,-1.2140000000000004,-1.8939999999999984,-15.57
2012-06-01,15.85,9.78,21.91,71.8,-1.790000000000001,-0.9090000000000007,-2.678000000000001,28.14
2012-07-01,22.49,14.48,30.5,14.2,0.28200000000000003,0.7219999999999995,-0.1579999999999977,2.8499999999999996
2012-08-01,21.79,12.6,30.98,3.6,-0.14300000000000068,-0.7370000000000001,0.4499999999999993,-6.74
2012-09-01,17.19,8.09,26.28,0.0,0.6120000000000019,-0.8960000000000008,2.112000000000002,-18.27
2012-10-01,9.76,3.82,15.7,43.9,0.0009999999999994458,-0.0940000000000003,0.09299999999999997,-3.230000000000004
2012-11-01,5.0,1.48,8.52,80.3,1.4170000000000003,1.8170000000000002,1.0199999999999996,33.38999999999999
2012-12-01,1.26,-0.86,3.38,50.7,1.326,2.1229999999999998,0.532,-1.1099999999999994
2013-01-01,-2.01,-4.72,0.7,41.5,-1.9869999999999999,-1.6159999999999997,-2.3550000000000004,-5.200000000000003
2013-02-01,2.2,-1.51,5.91,15.3,1.145,1.5330000000000001,0.7539999999999996,-22.91
2013-03-01,5.86,0.17,11.55,25.5,0.4039999999999999,0.14300000000000002,0.6640000000000015,-32.260000000000005
2013-04-01,8.64,2.7,14.58,28.9,-0.4289999999999985,-0.24499999999999966,-0.6119999999999983,-11.0
2013-05-01,14.33,6.85,21.81,20.1,0.054999999999999716,-0.38400000000000034,0.49599999999999866,-15.969999999999999
2013-06-01,17.28,10.64,23.93,71.3,-0.35999999999999943,-0.04899999999999949,-0.6580000000000013,27.64
2013-07-01,23.18,13.89,32.47,0.0,0.9720000000000013,0.13199999999999967,1.8120000000000012,-11.35
2013-08-01,22.36,14.24,30.48,43.9,0.4269999999999996,0.9030000000000005,-0.05000000000000071,33.56
2013-09-01,17.68,11.19,24.16,50.9,1.1020000000000003,2.203999999999999,-0.007999999999999119,32.629999999999995
2013-10-01,8.18,1.61,14.75,4.5,-1.5790000000000006,-2.3040000000000003,-0.8569999999999993,-42.63
2013-11-01,2.81,-0.97,6.59,35.4,-0.7729999999999997,-0.6329999999999999,-0.9100000000000001,-11.510000000000005
2013-12-01,-2.08,-5.33,1.16,18.1,-2.0140000000000002,-2.3470000000000004,-1.688,-33.71
2014-01-01,0.26,-2.23,2.74,29.3,0.283,0.8740000000000001,-0.31499999999999995,-17.400000000000002
2014-02-01,-1.81,-5.55,1.93,38.0,-2.865,-2.5069999999999997,-3.226000000000001,-0.21000000000000085
2014-03-01,5.11,-0.41,10.64,71.5,-0.3460000000000001,-0.437,-0.24599999999999866,13.739999999999995
2014-04-01,8.81,2.18,15.43,30.2,-0.25899999999999856,-0.7649999999999997,0.23800000000000132,-9.7
2014-05-01,14.52,7.06,21.97,23.4,0.24499999999999922,-0.17400000000000038,0.6559999999999988,-12.670000000000002
2014-06-01,17.02,10.1,23.93,67.1,-0.620000000000001,-0.5890000000000004,-0.6580000000000013,23.439999999999998
2014-07-01,24.25,15.54,32.96,11.2,2.0420000000000016,1.7819999999999983,2.302000000000003,-0.15000000000000036
2014-08-01,22.45,14.24,30.66,12.3,0.5169999999999995,0.9030000000000005,0.129999999999999,1.9600000000000009
2014-09-01,17.24,8.89,25.6,7.4,0.661999999999999,-0.09600000000000009,1.4320000000000022,-10.87
2014-10-01,12.48,6.3,18.67,32.4,2.721,2.3859999999999997,3.0630000000000024,-14.730000000000004
2014-11-01,2.58,-1.62,6.77,38.2,-1.0029999999999997,-1.283,-0.7300000000000004,-8.71
2014-12-01,1.56,-1.82,4.93,50.1,1.6260000000000001,1.1629999999999996,2.082,-1.7100000000000009
2015-01-01,0.46,-2.25,3.16,47.6,0.483,0.8540000000000001,0.10499999999999998,0.8999999999999986
2015-02-01,5.01,-0.03,10.06,28.0,3.9549999999999996,3.0130000000000003,4.904,-10.21
2015-03-01,7.95,1.42,14.48,63.6,2.4939999999999998,1.393,3.594000000000001,5.839999999999996
2015-04-01,8.99,1.77,16.21,24.2,-0.07899999999999885,-1.1749999999999998,1.0180000000000025,-15.7
2015-05-01,16.27,8.71,23.83,31.2,1.9949999999999992,1.4760000000000009,2.5159999999999982,-4.870000000000001
2015-06-01,22.03,13.5,30.56,8.4,4.390000000000001,2.811,5.971999999999998,-35.26
2015-07-01,23.77,15.68,31.86,11.9,1.5620000000000012,1.9219999999999988,1.2020000000000017,0.5500000000000007
2015-08-01,22.51,13.85,31.17,5.4,0.5770000000000017,0.5129999999999999,0.6400000000000006,-4.9399999999999995
2015-09-01,15.25,7.48,23.02,12.0,-1.3279999999999994,-1.5060000000000002,-1.1479999999999997,-6.27
2015-10-01,12.86,6.18,19.54,33.0,3.100999999999999,2.2659999999999996,3.933,-14.130000000000003
2015-11-01,2.81,-1.08,6.7,18.5,-0.7729999999999997,-0.743,-0.7999999999999998,-28.410000000000004
2015-12-01,0.95,-1.68,3.57,89.4,1.016,1.3029999999999997,0.722,37.59
2016-01-01,0.77,-2.01,3.54,59.1,0.7929999999999999,1.0940000000000003,0.4849999999999999,12.399999999999999
2016-02-01,4.64,0.09,9.2,20.5,3.5849999999999995,3.133,4.043999999999999,-17.71
2016-03-01,6.71,1.38,12.04,81.8,1.2539999999999996,1.353,1.154,24.039999999999992
2016-04-01,12.95,5.59,20.31,16.5,3.8810000000000002,2.645,5.118,-23.4
2016-05-01,15.45,8.67,22.24,41.7,1.174999999999999,1.436,0.9259999999999984,5.630000000000003
2016-06-01,18.56,10.91,26.2,20.5,0.9199999999999982,0.22100000000000009,1.6119999999999983,-23.159999999999997
2016-07-01,20.86,13.23,28.49,33.4,-1.347999999999999,-0.5280000000000005,-2.1679999999999993,22.049999999999997
2016-08-01,21.56,12.8,30.33,1.8,-0.3730000000000011,-0.536999999999999,-0.20000000000000284,-8.54
2016-09-01,15.99,8.61,23.36,9.3,-0.5879999999999992,-0.3760000000000012,-0.8079999999999998,-8.969999999999999
2016-10-01,10.01,5.97,14.05,158.2,0.25099999999999945,2.0559999999999996,-1.5569999999999986,111.07
2016-11-01,7.29,3.28,11.3,40.0,3.7070000000000003,3.617,3.8000000000000007,-6.910000000000004
2016-12-01,-3.32,-6.67,0.02,32.9,-3.254,-3.6870000000000003,-2.828,-18.910000000000004
2017-01-01,-4.7,-8.18,-1.23,37.1,-4.6770000000000005,-5.076,-4.285,-9.600000000000001
2017-02-01,-0.07,-3.88,3.75,102.5,-1.1250000000000002,-0.8369999999999997,-1.4060000000000006,64.28999999999999
2017-03-01,5.78,1.49,10.06,82.5,0.32399999999999984,1.463,-0.8259999999999987,24.739999999999995
2017-04-01,8.7,3.39,14.01,48.3,-0.3689999999999998,0.4450000000000003,-1.1819999999999986,8.399999999999999
2017-05-01,14.21,7.01,21.4,35.8,-0.0649999999999995,-0.2240000000000002,0.08599999999999852,-0.2700000000000031
2017-06-01,18.22,10.55,25.88,25.6,0.5799999999999983,-0.13899999999999935,1.291999999999998,-18.059999999999995
2017-07-01,23.75,14.42,33.08,0.0,1.5420000000000016,0.661999999999999,2.4220000000000006,-11.35
2017-08-01,22.87,13.42,32.32,0.8,0.9370000000000012,0.08300000000000018,1.7899999999999991,-9.54
2017-09-01,16.89,9.41,24.38,32.9,0.31200000000000117,0.4239999999999995,0.21199999999999974,14.629999999999999
2017-10-01,8.92,2.82,15.02,37.3,-0.8390000000000004,-1.0940000000000003,-0.5869999999999997,-9.830000000000005
2017-11-01,4.22,0.59,7.84,69.8,0.637,0.927,0.33999999999999986,22.889999999999993
2017-12-01,-1.65,-4.2,0.91,68.1,-1.5839999999999999,-1.2170000000000005,-1.9379999999999997,16.289999999999992
2018-01-01,2.1,-0.77,4.97,54.6,2.123,2.334,1.9149999999999996,7.899999999999999
2018-02-01,0.31,-3.79,4.42,41.7,-0.7450000000000001,-0.7469999999999999,-0.7360000000000007,3.490000000000002
2018-03-01,4.89,-0.8,10.59,31.0,-0.5660000000000007,-0.8270000000000001,-0.2959999999999994,-26.760000000000005
2018-04-01,8.78,2.92,14.64,67.8,-0.2889999999999997,-0.02499999999999991,-0.5519999999999978,27.9
2018-05-01,16.98,9.73,24.23,19.3,2.705,2.4960000000000004,2.9160000000000004,-16.77
2018-06-01,17.67,10.52,24.82,21.3,0.030000000000001137,-0.16900000000000048,0.23199999999999932,-22.359999999999996
2018-07-01,22.75,13.4,32.11,0.8,0.5420000000000016,-0.35800000000000054,1.4520000000000017,-10.549999999999999
2018-08-01,21.78,13.38,30.18,8.9,-0.1529999999999987,0.04300000000000104,-0.3500000000000014,-1.4399999999999995
2018-09-01,15.69,8.43,22.95,3.8,-0.8879999999999999,-0.5560000000000009,-1.218,-14.469999999999999
2018-10-01,9.26,2.72,15.8,48.0,-0.49900000000000055,-1.194,0.1930000000000014,0.8699999999999974
2018-11-01,3.91,0.24,7.58,58.2,0.3270000000000004,0.5770000000000001,0.08000000000000007,11.29
2018-12-01,1.27,-1.55,4.09,52.1,1.336,1.4329999999999996,1.242,0.28999999999999915
2019-01-01,0.73,-2.35,3.82,38.9,0.7529999999999999,0.754,0.7649999999999997,-7.800000000000004
2019-02-01,-4.33,-8.11,-0.55,44.8,-5.385,-5.066999999999999,-5.706,6.589999999999996
2019-03-01,2.79,-3.36,8.95,16.2,-2.6660000000000004,-3.387,-1.936,-41.56
2019-04-01,9.5,3.64,15.36,34.9,0.43100000000000094,0.6950000000000003,0.16800000000000104,-5.0
2019-05-01,15.48,8.36,22.6,73.2,1.205,1.1259999999999994,1.2860000000000014,37.13
2019-06-01,18.57,11.46,25.68,25.7,0.9299999999999997,0.7710000000000008,1.0919999999999987,-17.959999999999997
2019-07-01,21.11,13.37,28.85,11.2,-1.097999999999999,-0.3880000000000017,-1.8079999999999963,-0.15000000000000036
2019-08-01,22.03,13.7,30.36,13.2,0.09700000000000131,0.36299999999999955,-0.1700000000000017,2.8599999999999994
2019-09-01,15.84,9.85,21.83,40.6,-0.7379999999999995,0.863999999999999,-2.338000000000001,22.330000000000002
2019-10-01,6.52,1.01,12.04,40.9,-3.2390000000000008,-2.904,-3.567,-6.230000000000004
2019-11-01,2.82,-1.55,7.18,17.6,-0.7629999999999999,-1.213,-0.3200000000000003,-29.310000000000002
2019-12-01,2.41,-0.23,5.05,52.9,2.476,2.7529999999999997,2.202,1.0899999999999963
2020-01-01,2.3,-0.68,5.28,70.0,2.323,2.424,2.225,23.299999999999997
2020-02-01,2.57,-2.4,7.54,18.9,1.5149999999999997,0.6430000000000002,2.3839999999999995,-19.310000000000002
2020-03-01,4.62,-1.14,10.38,16.7,-0.8360000000000003,-1.1669999999999998,-0.5059999999999985,-41.06
2020-04-01,9.22,2.25,16.19,9.9,0.15100000000000158,-0.6949999999999998,0.9980000000000029,-30.0
2020-05-01,13.88,7.42,20.34,93.1,-0.3949999999999996,0.18599999999999994,-0.9740000000000002,57.029999999999994
2020-06-01,17.13,10.89,23.37,39.1,-0.5100000000000016,0.2010000000000005,-1.218,-4.559999999999995
2020-07-01,21.6,12.98,30.22,5.9,-0.607999999999997,-0.7780000000000005,-0.43799999999999883,-5.449999999999999
2020-08-01,22.1,13.49,30.7,2.1,0.1670000000000016,0.15300000000000047,0.16999999999999815,-8.24
2020-09-01,17.7,9.54,25.85,8.4,1.1219999999999999,0.5539999999999985,1.6820000000000022,-9.87
2020-10-01,9.51,3.45,15.58,43.0,-0.24900000000000055,-0.46399999999999997,-0.026999999999999247,-4.130000000000003
2020-11-01,4.11,0.31,7.91,34.8,0.5270000000000006,0.647,0.41000000000000014,-12.110000000000007
2020-12-01,1.02,-1.95,3.99,39.3,1.086,1.0329999999999997,1.1420000000000003,-12.510000000000005
2021-01-01,2.12,-0.73,4.97,64.8,2.1430000000000002,2.374,1.9149999999999996,18.099999999999994
2021-02-01,-0.2,-3.46,3.06,12.9,-1.2550000000000001,-0.4169999999999998,-2.0960000000000005,-25.310000000000002
2021-03-01,5.82,-0.76,12.41,8.9,0.3639999999999999,-0.787,1.524000000000001,-48.86000000000001
2021-04-01,9.91,2.42,17.4,4.1,0.8410000000000011,-0.5249999999999999,2.208,-35.8
2021-05-01,14.14,6.34,21.95,6.2,-0.1349999999999998,-0.8940000000000001,0.6359999999999992,-29.87
2021-06-01,22.0,13.85,30.16,15.7,4.359999999999999,3.1609999999999996,5.571999999999999,-27.959999999999997
2021-07-01,25.54,16.5,34.58,2.1,3.3320000000000007,2.741999999999999,3.9220000000000006,-9.25
2021-08-01,21.75,13.89,29.61,12.0,-0.18299999999999983,0.5530000000000008,-0.9200000000000017,1.6600000000000001
2021-09-01,17.0,9.55,24.46,43.7,0.4220000000000006,0.5640000000000001,0.2920000000000016,25.430000000000003
2021-10-01,9.87,3.85,15.88,28.8,0.11099999999999888,-0.06400000000000006,0.27300000000000146,-18.330000000000002
2021-11-01,5.59,2.0,9.17,67.3,2.007,2.337,1.67,20.389999999999993
2021-12-01,-0.95,-3.9,2.01,27.0,-0.884,-0.9170000000000003,-0.8380000000000001,-24.810000000000002
2022-01-01,-0.37,-3.12,2.38,50.0,-0.34700000000000003,-0.016000000000000014,-0.6750000000000003,3.299999999999997
2022-02-01,0.68,-4.28,5.63,20.2,-0.3750000000000001,-1.237,0.4739999999999993,-18.01
2022-03-01,6.63,1.41,11.85,28.0,1.1739999999999995,1.383,0.9640000000000004,-29.760000000000005
2022-04-01,6.52,0.61,12.42,25.1,-2.5489999999999995,-2.335,-2.7719999999999985,-14.799999999999997
2022-05-01,11.72,6.0,17.43,85.1,-2.5549999999999997,-1.234,-3.8840000000000003,49.029999999999994
2022-06-01,17.32,11.17,23.47,94.1,-0.3200000000000003,0.48099999999999987,-1.118000000000002,50.44
2022-07-01,23.53,14.82,32.25,12.5,1.3220000000000027,1.0619999999999994,1.5920000000000023,1.1500000000000004
2022-08-01,24.21,14.91,33.51,0.0,2.277000000000001,1.5730000000000004,2.979999999999997,-10.34
2022-09-01,18.5,10.09,26.91,19.6,1.9220000000000006,1.1039999999999992,2.742000000000001,1.3300000000000018
2022-10-01,12.9,5.8,20.01,14.2,3.141,1.8859999999999997,4.403000000000002,-32.93000000000001
2022-11-01,-0.67,-4.76,3.42,68.1,-4.253,-4.423,-4.08,21.18999999999999
2022-12-01,-3.13,-5.71,-0.55,67.8,-3.064,-2.7270000000000003,-3.3979999999999997,15.989999999999995
2023-01-01,0.94,-1.85,3.72,25.1,0.9629999999999999,1.254,0.665,-21.6
2023-02-01,1.01,-3.65,5.66,16.7,-0.04500000000000015,-0.6069999999999998,0.5039999999999996,-21.51
2023-03-01,3.77,-1.5,9.04,25.7,-1.6860000000000004,-1.527,-1.846,-32.06
2023-04-01,8.17,1.95,14.39,26.9,-0.8989999999999991,-0.9949999999999999,-0.8019999999999978,-13.0
2023-05-01,17.73,10.58,24.88,39.1,3.455,3.346,3.565999999999999,3.030000000000001
2023-06-01,19.65,12.23,27.08,22.7,2.009999999999998,1.5410000000000004,2.4919999999999973,-20.959999999999997
2023-07-01,23.26,14.18,32.34,1.5,1.0520000000000032,0.4219999999999988,1.6820000000000057,-9.85
2023-08-01,22.38,14.3,30.46,36.1,0.4469999999999992,0.963000000000001,-0.07000000000000028,25.76
2023-09-01,16.69,9.72,23.66,19.6,0.11200000000000188,0.734,-0.5079999999999991,1.3300000000000018
2023-10-01,10.78,4.24,17.33,8.5,1.020999999999999,0.32600000000000007,1.722999999999999,-38.63
2023-11-01,3.08,-0.55,6.7,50.8,-0.5029999999999997,-0.21299999999999997,-0.7999999999999998,3.8899999999999935
2023-12-01,2.11,-0.5,4.73,71.8,2.1759999999999997,2.4829999999999997,1.8820000000000006,19.989999999999995
2024-01-01,-1.31,-4.29,1.66,41.1,-1.2870000000000001,-1.186,-1.3950000000000002,-5.600000000000001
2024-02-01,2.97,-0.47,6.41,53.8,1.915,2.5730000000000004,1.2539999999999996,15.589999999999996
2024-03-01,5.85,-0.13,11.83,29.1,0.39399999999999924,-0.157,0.9440000000000008,-28.660000000000004
2024-04-01,9.23,2.85,15.62,13.7,0.16100000000000136,-0.09499999999999975,0.4280000000000008,-26.2
2024-05-01,13.41,6.72,20.1,41.0,-0.8650000000000002,-0.5140000000000002,-1.2139999999999986,4.93
2024-06-01,17.31,9.63,24.99,40.6,-0.33000000000000185,-1.0589999999999993,0.40199999999999747,-3.059999999999995
2024-07-01,24.53,15.41,33.64,0.0,2.3220000000000027,1.6519999999999992,2.982000000000003,-11.35
2024-08-01,22.61,14.29,30.93,2.8,0.6769999999999996,0.9529999999999994,0.3999999999999986,-7.54
2024-11-01,4.53,1.53,7.54,89.9,0.9470000000000005,1.867,0.040000000000000036,42.99
2024-12-01,2.72,0.29,5.15,97.3,2.786,3.2729999999999997,2.3020000000000005,45.489999999999995
2025-01-01,-0.37,-3.72,2.97,38.2,-0.34700000000000003,-0.6160000000000001,-0.08499999999999996,-8.5
2025-02-01,-0.18,-3.98,3.62,46.2,-1.235,-0.9369999999999998,-1.5360000000000005,7.990000000000002
2025-03-01,7.82,2.45,13.18,39.6,2.364,2.423,2.2940000000000005,-18.160000000000004
2025-04-01,10.61,3.29,17.93,20.7,1.5410000000000004,0.3450000000000002,2.7380000000000013,-19.2
2025-05-01,15.25,8.04,22.45,25.1,0.9749999999999996,0.8059999999999992,1.1359999999999992,-10.969999999999999
2025-06-01,20.65,12.91,28.38,5.1,3.009999999999998,2.221,3.791999999999998,-38.559999999999995
